id,nome,sexo,email,nascimento,local
1,Daniela Serra,feminino,danielaserra@ggmail.com,1958-12-26,RO - Porto Velho
2,Luiz Magalhaes,masculino,luizmagalhaes@ggmail.com,1954-10-04,AC - Rio Branco
3,Tiago Fontes,masculino,tiagofontes@ggmail.com,1981-05-19,AM - Manaus
4,Beatriz Azevedo,feminino,beatrizazevedo@ggmail.com,1947-08-16,RR - Boa Vista
5,Daniela Costa,feminino,danielacosta@ggmail.com,1971-06-15,PA - Belém
6,Maria Braga,feminino,mariabraga@ggmail.com,1945-03-29,AP - Macapá
7,Paula Bahiense,feminino,paulabahiense@ggmail.com,1945-06-10,TO - Palmas
8,Zelia Queiros,feminino,zeliaqueiros@ggmail.com,2000-09-03,MA - São Luís
9,Ana Guimaraes,feminino,anaguimaraes@ggmail.com,1945-06-05,PI - Teresina
10,Beatriz Castro,feminino,beatrizcastro@ggmail.com,1967-05-14,CE - Fortaleza
11,Daniela Rocha,feminino,danielarocha@ggmail.com,1955-05-04,RN - Natal
12,Vera Bahiense,feminino,verabahiense@ggmail.com,1994-07-19,PB - João Pessoa
13,Eliana Teixeira,feminino,elianateixeira@ggmail.com,1992-03-30,PE - Recife
14,Gabriel Siqueira,masculino,gabrielsiqueira@ggmail.com,2000-10-20,AL - Maceió
15,Zelia Brasil,feminino,zeliabrasil@ggmail.com,1967-04-27,SE - Aracaju
16,Helder Ribeiro,masculino,helderribeiro@ggmail.com,1973-04-12,BA - Salvador
17,Fabio Almeida,masculino,fabioalmeida@ggmail.com,1947-12-08,MG - Belo Horizonte
18,Eliana Matos,feminino,elianamatos@ggmail.com,1946-04-21,ES - Vitória
19,Fabio Guimaraes,masculino,fabioguimaraes@ggmail.com,2000-10-08,RJ - Rio de Janeiro
20,Vera Fontes,feminino,verafontes@ggmail.com,1977-06-20,SP - São Paulo
21,Zelia Pedreira,feminino,zeliapedreira@ggmail.com,1945-08-25,PR - Curitiba
22,Maria Magalhaes,feminino,mariamagalhaes@ggmail.com,1961-06-24,SC - Florianópolis
23,Fabio Matos,masculino,fabiomatos@ggmail.com,1953-02-12,RS - Porto Alegre
24,Ana Almeida,feminino,anaalmeida@ggmail.com,1990-04-14,MS - Campo Grande
25,Luiz Azevedo,masculino,luizazevedo@ggmail.com,1947-07-20,MT - Cuiabá
26,Daniela Barros,feminino,danielabarros@ggmail.com,1945-02-21,GO - Goiânia
27,Zelia Fontes,feminino,zeliafontes@ggmail.com,1979-06-26,DF - Brasília
28,Helder Almeida,masculino,helderalmeida@ggmail.com,1980-05-02,RO - Porto Velho
29,Helder Rocha,masculino,helderrocha@ggmail.com,1990-10-26,AC - Rio Branco
30,Daniela Brasil,feminino,danielabrasil@ggmail.com,1976-02-02,AM - Manaus
31,Tiago Serra,masculino,tiagoserra@ggmail.com,1965-11-22,RR - Boa Vista
32,Paula Cardoso,feminino,paulacardoso@ggmail.com,1986-02-23,PA - Belém
33,Ana Siqueira,feminino,anasiqueira@ggmail.com,1956-11-19,AP - Macapá
34,Luiz Bahiense,masculino,luizbahiense@ggmail.com,1962-04-02,TO - Palmas
35,Helder Queiros,masculino,helderqueiros@ggmail.com,2000-12-21,MA - São Luís
36,Claudia Campos,feminino,claudiacampos@ggmail.com,1983-08-17,PI - Teresina
37,Beatriz Souza,feminino,beatrizsouza@ggmail.com,1985-11-27,CE - Fortaleza
38,Tiago Rocha,masculino,tiagorocha@ggmail.com,1980-08-17,RN - Natal
39,Ana Pedreira,feminino,anapedreira@ggmail.com,1957-03-11,PB - João Pessoa
40,Maria Cardoso,feminino,mariacardoso@ggmail.com,1991-01-09,PE - Recife
41,Samuel Souza,masculino,samuelsouza@ggmail.com,1967-01-10,AL - Maceió
42,Renata Correia,feminino,renatacorreia@ggmail.com,1959-03-05,SE - Aracaju
43,Jorge Matos,masculino,jorgematos@ggmail.com,1947-12-11,BA - Salvador
44,Jorge Azevedo,masculino,jorgeazevedo@ggmail.com,1969-06-21,MG - Belo Horizonte
45,Tiago Ribeiro,masculino,tiagoribeiro@ggmail.com,1990-08-22,ES - Vitória
46,Tiago Pedreira,masculino,tiagopedreira@ggmail.com,1974-02-28,RJ - Rio de Janeiro
47,Claudia Brasil,feminino,claudiabrasil@ggmail.com,1966-01-30,RN - Natal
48,Fabiana Gomes,feminino,fabianagomes@ggmail.com,1972-04-23,MG - Belo Horizonte
49,Manuela Almeida,feminino,manuelaalmeida@ggail.com,1949-01-03,ES - Vitória
50,Carlos Ribeiro,masculino,carlosribeiro@ggmail.com,1980-11-03,RJ - Rio de Janeiro